<?xml version="1.0" encoding="utf-8"?>
<Module>
	<Name value = "BLTConfigure"/>
	<Id value = "BLTConfigure"/>
	<Version value = "v4.9.0"/>
	<DefaultModule value="true"/>
	<SingleplayerModule value="true"/>
	<Official value="false" />
	<DependedModules>
		<DependedModule Id="Bannerlord.Harmony"/>
		<DependedModule Id="Native"/>
		<DependedModule Id="SandBoxCore"/>
		<DependedModule Id="Sandbox"/>
		<DependedModule Id="StoryMode"/>
		<DependedModule Id="CustomBattle"/>
		<DependedModule Id="BannerlordTwitch"/>
	</DependedModules>
	<SubModules>
		<SubModule>
			<Name value = "BLTConfigure"/>
			<DLLName value = "BLTConfigure.dll"/>
			<SubModuleClassType value = "BLTConfigure.BLTConfigureModule"/>
			<Tags>
			</Tags>
		</SubModule>
	</SubModules>
	<DependedModuleMetadatas>
		<!-- order: [ "LoadBeforeThis", "LoadAfterThis" ] -->
		<!-- optional: [ "true", "false" ] -->
		<!-- version: [ "e1.0.0.0", "e1.*", "e1.0.*", "e1.0.0.*" ] -->
		<!-- incompatible: [ "true", "false" ] -->
		<DependedModuleMetadata id="Bannerlord.Harmony" order="LoadBeforeThis" />
		<DependedModuleMetadata id="Native" order="LoadBeforeThis" />
		<DependedModuleMetadata id="SandBoxCore" order="LoadBeforeThis" />
		<DependedModuleMetadata id="Sandbox" order="LoadBeforeThis" />
		<DependedModuleMetadata id="StoryMode" order="LoadBeforeThis" />
		<DependedModuleMetadata id="CustomBattle" order="LoadBeforeThis" />
		<DependedModuleMetadata id="BannerlordTwitch" order="LoadBeforeThis" />
		<DependedModuleMetadata id="BLTAdoptAHero" order="LoadBeforeThis" optional="true" />
		<DependedModuleMetadata id="BLTBuffet" order="LoadBeforeThis" optional="true" />
	</DependedModuleMetadatas>
	<Xmls>
	</Xmls>
</Module>